{"seed": 741017, "player": {"x": 15808, "y": 15865}, "follower": {"x": 15918.792332867364, "y": 15858.2495301991}}