{"seed": 197665, "player": {"x": 15688, "y": 15943}, "follower": {"x": 16010.041630560347, "y": 16010.041630560347}}